{"time/iterations": 1, "rollout/ep_rew_mean": -61.00821907142856, "rollout/ep_len_mean": 23.214285714285715, "time/fps": 15, "time/time_elapsed": 32, "time/total_timesteps": 512}
{"train/learning_rate": 0.001, "train/entropy_loss": -4.2701234221458435, "train/policy_gradient_loss": 0.0049837047554319724, "train/value_loss": 679.0893175601959, "train/approx_kl": 0.021516762673854828, "train/clip_fraction": 0.1435546875, "train/loss": 2.912783622741699, "train/explained_variance": 0.00012350082397460938, "train/std": 1.0070061683654785, "train/n_updates": 2, "train/clip_range": 0.2, "time/iterations": 2, "rollout/ep_rew_mean": -57.74425011764706, "rollout/ep_len_mean": 26.470588235294116, "time/fps": 15, "time/time_elapsed": 65, "time/total_timesteps": 1024}
{"train/learning_rate": 0.001, "train/entropy_loss": -4.287470310926437, "train/policy_gradient_loss": -0.015589401707984507, "train/value_loss": 2.2537655159831047, "train/approx_kl": 0.023045768961310387, "train/clip_fraction": 0.189453125, "train/loss": 0.3806954026222229, "train/explained_variance": -0.12252819538116455, "train/std": 1.014383316040039, "train/n_updates": 4, "train/clip_range": 0.2, "time/iterations": 3, "rollout/ep_rew_mean": -60.672178265306115, "rollout/ep_len_mean": 27.0, "time/fps": 15, "time/time_elapsed": 98, "time/total_timesteps": 1536}
{"train/learning_rate": 0.001, "train/entropy_loss": -4.307165771722794, "train/policy_gradient_loss": -0.007337935036048293, "train/value_loss": 2.6283940076828003, "train/approx_kl": 0.013043826445937157, "train/clip_fraction": 0.0986328125, "train/loss": 0.8958746194839478, "train/explained_variance": 0.10808026790618896, "train/std": 1.0188708305358887, "train/n_updates": 6, "train/clip_range": 0.2, "time/iterations": 4, "rollout/ep_rew_mean": -56.420696446153855, "rollout/ep_len_mean": 29.092307692307692, "time/fps": 15, "time/time_elapsed": 131, "time/total_timesteps": 2048}
{"train/learning_rate": 0.001, "train/entropy_loss": -4.316796839237213, "train/policy_gradient_loss": -0.009211571887135506, "train/value_loss": 0.9999563544988632, "train/approx_kl": 0.02679714374244213, "train/clip_fraction": 0.16796875, "train/loss": 0.20628544688224792, "train/explained_variance": 0.4567997455596924, "train/std": 1.0223116874694824, "train/n_updates": 8, "train/clip_range": 0.2, "time/iterations": 1, "rollout/ep_rew_mean": -63.86301446153846, "rollout/ep_len_mean": 20.076923076923077, "time/fps": 17, "time/time_elapsed": 29, "time/total_timesteps": 512}
{"train/learning_rate": 0.001, "train/entropy_loss": -4.332438766956329, "train/policy_gradient_loss": -0.013688878738321364, "train/value_loss": 0.6880684737116098, "train/approx_kl": 0.018008645623922348, "train/clip_fraction": 0.1328125, "train/loss": 0.19371503591537476, "train/explained_variance": 0.3122153878211975, "train/std": 1.0302724838256836, "train/n_updates": 10, "train/clip_range": 0.2, "time/iterations": 2, "rollout/ep_rew_mean": -60.477833806451606, "rollout/ep_len_mean": 25.322580645161292, "time/fps": 17, "time/time_elapsed": 57, "time/total_timesteps": 1024}
{"train/learning_rate": 0.001, "train/entropy_loss": -4.357041448354721, "train/policy_gradient_loss": -0.010677638580091298, "train/value_loss": 1.098500069230795, "train/approx_kl": 0.014624170958995819, "train/clip_fraction": 0.125, "train/loss": 0.17151421308517456, "train/explained_variance": 0.43245387077331543, "train/std": 1.0375555753707886, "train/n_updates": 12, "train/clip_range": 0.2, "time/iterations": 3, "rollout/ep_rew_mean": -53.53100110416667, "rollout/ep_len_mean": 28.229166666666668, "time/fps": 17, "time/time_elapsed": 85, "time/total_timesteps": 1536}
