{"time/iterations": 1, "rollout/ep_rew_mean": -32.233781526315795, "rollout/ep_len_mean": 19.36842105263158, "time/fps": 13, "time/time_elapsed": 36, "time/total_timesteps": 512}
{"train/learning_rate": 0.001, "train/entropy_loss": -4.2558832466602325, "train/policy_gradient_loss": -0.013534654746763408, "train/value_loss": 9.52333390712738, "train/approx_kl": 0.023461690172553062, "train/clip_fraction": 0.1552734375, "train/loss": 3.4052228927612305, "train/explained_variance": 0.02288717031478882, "train/std": 0.9990765452384949, "train/n_updates": 2, "train/clip_range": 0.2, "time/iterations": 2, "rollout/ep_rew_mean": -22.678654225806447, "rollout/ep_len_mean": 21.93548387096774, "time/fps": 14, "time/time_elapsed": 70, "time/total_timesteps": 1024}
{"train/learning_rate": 0.001, "train/entropy_loss": -4.255551129579544, "train/policy_gradient_loss": -0.005280495097395033, "train/value_loss": 0.7634575944393873, "train/approx_kl": 0.011331536807119846, "train/clip_fraction": 0.099609375, "train/loss": 0.22835855185985565, "train/explained_variance": 0.6913701295852661, "train/std": 1.0011392831802368, "train/n_updates": 4, "train/clip_range": 0.2, "time/iterations": 3, "rollout/ep_rew_mean": -18.848584375, "rollout/ep_len_mean": 23.05, "time/fps": 15, "time/time_elapsed": 101, "time/total_timesteps": 1536}
{"train/learning_rate": 0.001, "train/entropy_loss": -4.259534686803818, "train/policy_gradient_loss": -0.005441706220153719, "train/value_loss": 0.5688828658312559, "train/approx_kl": 0.009647015482187271, "train/clip_fraction": 0.078125, "train/loss": 0.08376427739858627, "train/explained_variance": 0.8648208975791931, "train/std": 0.9993445873260498, "train/n_updates": 6, "train/clip_range": 0.2, "time/iterations": 4, "rollout/ep_rew_mean": -18.055186425531918, "rollout/ep_len_mean": 23.404255319148938, "time/fps": 15, "time/time_elapsed": 136, "time/total_timesteps": 2048}
{"train/learning_rate": 0.001, "train/entropy_loss": -4.25246188044548, "train/policy_gradient_loss": -0.006645715970080346, "train/value_loss": 0.24413350922986865, "train/approx_kl": 0.009959561750292778, "train/clip_fraction": 0.0830078125, "train/loss": -0.012754995375871658, "train/explained_variance": 0.9422735571861267, "train/std": 0.9974549412727356, "train/n_updates": 8, "train/clip_range": 0.2, "time/iterations": 1, "rollout/ep_rew_mean": -28.536457636363636, "rollout/ep_len_mean": 18.90909090909091, "time/fps": 14, "time/time_elapsed": 35, "time/total_timesteps": 512}
{"train/learning_rate": 0.001, "train/entropy_loss": -4.244719535112381, "train/policy_gradient_loss": -0.011895501229446381, "train/value_loss": 0.283042861148715, "train/approx_kl": 0.015131555497646332, "train/clip_fraction": 0.1201171875, "train/loss": 0.006688565015792847, "train/explained_variance": 0.7371661067008972, "train/std": 0.9938538670539856, "train/n_updates": 10, "train/clip_range": 0.2, "time/iterations": 2, "rollout/ep_rew_mean": 9.404329611111113, "rollout/ep_len_mean": 31.555555555555557, "time/fps": 16, "time/time_elapsed": 63, "time/total_timesteps": 1024}
{"train/learning_rate": 0.001, "train/entropy_loss": -4.235960960388184, "train/policy_gradient_loss": -0.0219276164425537, "train/value_loss": 0.38663540594279766, "train/approx_kl": 0.01957891695201397, "train/clip_fraction": 0.1435546875, "train/loss": 0.047484301030635834, "train/explained_variance": 0.4906034469604492, "train/std": 0.9923996925354004, "train/n_updates": 12, "train/clip_range": 0.2, "time/iterations": 3, "rollout/ep_rew_mean": 2.64653943478261, "rollout/ep_len_mean": 29.391304347826086, "time/fps": 16, "time/time_elapsed": 94, "time/total_timesteps": 1536}
{"train/learning_rate": 0.001, "train/entropy_loss": -4.23286360502243, "train/policy_gradient_loss": -0.006523622490931302, "train/value_loss": 0.1419002888724208, "train/approx_kl": 0.024807479232549667, "train/clip_fraction": 0.15625, "train/loss": 0.0019381754100322723, "train/explained_variance": 0.8271664381027222, "train/std": 0.9911112785339355, "train/n_updates": 14, "train/clip_range": 0.2, "time/iterations": 4, "rollout/ep_rew_mean": 69.47567644, "rollout/ep_len_mean": 43.2, "time/fps": 16, "time/time_elapsed": 121, "time/total_timesteps": 2048}
{"train/learning_rate": 0.001, "train/entropy_loss": -4.2266600131988525, "train/policy_gradient_loss": -0.0003906991332769394, "train/value_loss": 0.26686416286975145, "train/approx_kl": 0.01653989776968956, "train/clip_fraction": 0.158203125, "train/loss": 0.06724414229393005, "train/explained_variance": 0.46739280223846436, "train/std": 0.9894115328788757, "train/n_updates": 16, "train/clip_range": 0.2, "time/iterations": 1, "rollout/ep_rew_mean": -27.5521165, "rollout/ep_len_mean": 18.666666666666668, "time/fps": 16, "time/time_elapsed": 30, "time/total_timesteps": 512}
{"train/learning_rate": 0.001, "train/entropy_loss": -4.227450489997864, "train/policy_gradient_loss": -0.004981763020623475, "train/value_loss": 0.09402277274057269, "train/approx_kl": 0.01366690918803215, "train/clip_fraction": 0.1298828125, "train/loss": -0.05894347280263901, "train/explained_variance": 0.857016384601593, "train/std": 0.9934442639350891, "train/n_updates": 18, "train/clip_range": 0.2, "time/iterations": 2, "rollout/ep_rew_mean": 6.67902614285714, "rollout/ep_len_mean": 29.857142857142858, "time/fps": 18, "time/time_elapsed": 55, "time/total_timesteps": 1024}
{"train/learning_rate": 0.001, "train/entropy_loss": -4.245593875646591, "train/policy_gradient_loss": -0.00915983333834447, "train/value_loss": 0.13200294482521713, "train/approx_kl": 0.013289140537381172, "train/clip_fraction": 0.0888671875, "train/loss": 0.03583308681845665, "train/explained_variance": 0.05950284004211426, "train/std": 0.9984661936759949, "train/n_updates": 20, "train/clip_range": 0.2, "time/iterations": 3, "rollout/ep_rew_mean": 123.44909075000002, "rollout/ep_len_mean": 57.333333333333336, "time/fps": 18, "time/time_elapsed": 82, "time/total_timesteps": 1536}
{"train/learning_rate": 0.001, "train/entropy_loss": -4.258122265338898, "train/policy_gradient_loss": -0.011585657543037087, "train/value_loss": 0.24976793490350246, "train/approx_kl": 0.011088790372014046, "train/clip_fraction": 0.0859375, "train/loss": 0.042695045471191406, "train/explained_variance": 0.6288748979568481, "train/std": 1.0028343200683594, "train/n_updates": 22, "train/clip_range": 0.2, "time/iterations": 4, "rollout/ep_rew_mean": 142.3838519130435, "rollout/ep_len_mean": 60.52173913043478, "time/fps": 17, "time/time_elapsed": 118, "time/total_timesteps": 2048}
{"train/learning_rate": 0.001, "train/entropy_loss": -4.269166260957718, "train/policy_gradient_loss": -0.009848859044723213, "train/value_loss": 0.37783306185156107, "train/approx_kl": 0.017735224217176437, "train/clip_fraction": 0.1953125, "train/loss": 0.17805977165699005, "train/explained_variance": 0.6897605657577515, "train/std": 1.0062227249145508, "train/n_updates": 24, "train/clip_range": 0.2, "time/iterations": 1, "rollout/ep_rew_mean": -27.531930714285718, "rollout/ep_len_mean": 18.142857142857142, "time/fps": 13, "time/time_elapsed": 36, "time/total_timesteps": 512}
{"train/learning_rate": 0.001, "train/entropy_loss": -4.279546499252319, "train/policy_gradient_loss": -0.007331682543735951, "train/value_loss": 0.05388615187257528, "train/approx_kl": 0.011305154301226139, "train/clip_fraction": 0.08203125, "train/loss": -0.02489735186100006, "train/explained_variance": 0.8616585731506348, "train/std": 1.009193778038025, "train/n_updates": 26, "train/clip_range": 0.2, "time/iterations": 2, "rollout/ep_rew_mean": -14.137346863636365, "rollout/ep_len_mean": 24.227272727272727, "time/fps": 14, "time/time_elapsed": 70, "time/total_timesteps": 1024}
{"train/learning_rate": 0.001, "train/entropy_loss": -4.287636995315552, "train/policy_gradient_loss": -0.0035859285853803158, "train/value_loss": 0.13827007776126266, "train/approx_kl": 0.00809115543961525, "train/clip_fraction": 0.0556640625,