{"time/iterations": 1, "rollout/ep_rew_mean": -55.13515541666666, "rollout/ep_len_mean": 11.666666666666666, "time/fps": 4, "time/time_elapsed": 124, "time/total_timesteps": 512}
{"train/learning_rate": 0.001, "train/entropy_loss": -4.315828382968903, "train/policy_gradient_loss": -0.004935281467624009, "train/value_loss": 0.3083626292645931, "train/approx_kl": 0.019448172301054, "train/clip_fraction": 0.12890625, "train/loss": -0.0952346920967102, "train/explained_variance": 0.6244668364524841, "train/std": 1.0226033926010132, "train/n_updates": 10, "train/clip_range": 0.2, "time/iterations": 2, "rollout/ep_rew_mean": -56.72953953191491, "rollout/ep_len_mean": 15.382978723404255, "time/fps": 4, "time/time_elapsed": 240, "time/total_timesteps": 1024}
{"train/learning_rate": 0.001, "train/entropy_loss": -4.327799141407013, "train/policy_gradient_loss": -0.008157228352501988, "train/value_loss": 0.5664171483367682, "train/approx_kl": 0.018310338258743286, "train/clip_fraction": 0.1484375, "train/loss": -0.0071919262409210205, "train/explained_variance": 0.6159894466400146, "train/std": 1.0254794359207153, "train/n_updates": 12, "train/clip_range": 0.2, "time/iterations": 3, "rollout/ep_rew_mean": -56.005634, "rollout/ep_len_mean": 16.161290322580644, "time/fps": 4, "time/time_elapsed": 339, "time/total_timesteps": 1536}
{"train/learning_rate": 0.001, "train/entropy_loss": -4.332153677940369, "train/policy_gradient_loss": -0.008005339012015611, "train/value_loss": 0.42373448982834816, "train/approx_kl": 0.012312621809542179, "train/clip_fraction": 0.09765625, "train/loss": 0.04538843035697937, "train/explained_variance": 0.7336103916168213, "train/std": 1.0251132249832153, "train/n_updates": 14, "train/clip_range": 0.2, "time/iterations": 4, "rollout/ep_rew_mean": -45.51663423287671, "rollout/ep_len_mean": 22.205479452054796, "time/fps": 5, "time/time_elapsed": 407, "time/total_timesteps": 2048}
