{"time/iterations": 1, "rollout/ep_rew_mean": -79.57406344444445, "rollout/ep_len_mean": 33.55555555555556, "time/fps": 29, "time/time_elapsed": 17, "time/total_timesteps": 512}
{"train/learning_rate": 0.001, "train/entropy_loss": -4.264839202165604, "train/policy_gradient_loss": -0.011544829292688519, "train/value_loss": 806.5402488708496, "train/approx_kl": 0.02157946676015854, "train/clip_fraction": 0.1708984375, "train/loss": 293.0701599121094, "train/explained_variance": 0.00011646747589111328, "train/std": 1.0042184591293335, "train/n_updates": 2, "train/clip_range": 0.2, "time/iterations": 2, "rollout/ep_rew_mean": -76.97276963636365, "rollout/ep_len_mean": 39.81818181818182, "time/fps": 28, "time/time_elapsed": 35, "time/total_timesteps": 1024}
{"train/learning_rate": 0.001, "train/entropy_loss": -4.270983338356018, "train/policy_gradient_loss": -0.002778481168206781, "train/value_loss": 960.5650520324707, "train/approx_kl": 0.00721316272392869, "train/clip_fraction": 0.0546875, "train/loss": 668.6444091796875, "train/explained_variance": 0.006646335124969482, "train/std": 1.0047367811203003, "train/n_updates": 4, "train/clip_range": 0.2, "time/iterations": 3, "rollout/ep_rew_mean": -73.65337542857142, "rollout/ep_len_mean": 38.65714285714286, "time/fps": 28, "time/time_elapsed": 54, "time/total_timesteps": 1536}
{"train/learning_rate": 0.001, "train/entropy_loss": -4.271137923002243, "train/policy_gradient_loss": -0.009477721177972853, "train/value_loss": 570.4252128601074, "train/approx_kl": 0.0066561270505189896, "train/clip_fraction": 0.044921875, "train/loss": 350.44354248046875, "train/explained_variance": 0.015997350215911865, "train/std": 1.0053106546401978, "train/n_updates": 6, "train/clip_range": 0.2, "time/iterations": 4, "rollout/ep_rew_mean": -72.90145380434782, "rollout/ep_len_mean": 38.78260869565217, "time/fps": 28, "time/time_elapsed": 71, "time/total_timesteps": 2048}
{"train/learning_rate": 0.001, "train/entropy_loss": -4.276144564151764, "train/policy_gradient_loss": -0.007533507014159113, "train/value_loss": 485.4323101043701, "train/approx_kl": 0.014296380802989006, "train/clip_fraction": 0.103515625, "train/loss": 187.80198669433594, "train/explained_variance": 0.03837788105010986, "train/std": 1.0078305006027222, "train/n_updates": 8, "train/clip_range": 0.2, "time/iterations": 1, "rollout/ep_rew_mean": -89.88121824999999, "rollout/ep_len_mean": 39.0, "time/fps": 31, "time/time_elapsed": 16, "time/total_timesteps": 512}
{"train/learning_rate": 0.001, "train/entropy_loss": -4.283554583787918, "train/policy_gradient_loss": -0.00840304110897705, "train/value_loss": 888.9194679260254, "train/approx_kl": 0.0048674242570996284, "train/clip_fraction": 0.0322265625, "train/loss": 331.4841003417969, "train/explained_variance": -0.03398406505584717, "train/std": 1.0102335214614868, "train/n_updates": 10, "train/clip_range": 0.2, "time/iterations": 2, "rollout/ep_rew_mean": -81.03670986956521, "rollout/ep_len_mean": 38.21739130434783, "time/fps": 29, "time/time_elapsed": 34, "time/total_timesteps": 1024}
{"train/learning_rate": 0.001, "train/entropy_loss": -4.287695080041885, "train/policy_gradient_loss": -0.008789876301307231, "train/value_loss": 848.6472434997559, "train/approx_kl": 0.004392767790704966, "train/clip_fraction": 0.0234375, "train/loss": 384.6786193847656, "train/explained_variance": 0.03749781847000122, "train/std": 1.010607361793518, "train/n_updates": 12, "train/clip_range": 0.2, "time/iterations": 3, "rollout/ep_rew_mean": -80.0246908, "rollout/ep_len_mean": 37.25714285714286, "time/fps": 29, "time/time_elapsed": 52, "time/total_timesteps": 1536}
{"train/learning_rate": 0.001, "train/entropy_loss": -4.287070125341415, "train/policy_gradient_loss": -0.003457251819781959, "train/value_loss": 570.6018581390381, "train/approx_kl": 0.0024156994186341763, "train/clip_fraction": 0.0068359375, "train/loss": 366.54473876953125, "train/explained_variance": -0.02181267738342285, "train/std": 1.0096441507339478, "train/n_updates": 14, "train/clip_range": 0.2, "time/iterations": 4, "rollout/ep_rew_mean": -77.5412826862745, "rollout/ep_len_mean": 37.05882352941177, "time/fps": 28, "time/time_elapsed": 72, "time/total_timesteps": 2048}
{"train/learning_rate": 0.001, "train/entropy_loss": -4.28426456451416, "train/policy_gradient_loss": -0.008544069161871448, "train/value_loss": 646.8455333709717, "train/approx_kl": 0.0038166982121765614, "train/clip_fraction": 0.015625, "train/loss": 236.7881622314453, "train/explained_variance": -0.017598748207092285, "train/std": 1.0090160369873047, "train/n_updates": 16, "train/clip_range": 0.2, "time/iterations": 1, "rollout/ep_rew_mean": -88.80870522222222, "rollout/ep_len_mean": 34.22222222222222, "time/fps": 29, "time/time_elapsed": 17, "time/total_timesteps": 512}
{"train/learning_rate": 0.001, "train/entropy_loss": -4.282621592283249, "train/policy_gradient_loss": -0.006418268603738397, "train/value_loss": 745.2693519592285, "train/approx_kl": 0.0020981505513191223, "train/clip_fraction": 0.0068359375, "train/loss": 503.9952087402344, "train/explained_variance": -0.024144291877746582, "train/std": 1.0088320970535278, "train/n_updates": 18, "train/clip_range": 0.2, "time/iterations": 2, "rollout/ep_rew_mean": -81.18157543478262, "rollout/ep_len_mean": 37.47826086956522, "time/fps": 29, "time/time_elapsed": 35, "time/total_timesteps": 1024}
{"train/learning_rate": 0.001, "train/entropy_loss": -4.282196134328842, "train/policy_gradient_loss": -0.01155495794955641, "train/value_loss": 585.2232704162598, "train/approx_kl": 0.005330306477844715, "train/clip_fraction": 0.03125, "train/loss": 240.03216552734375, "train/explained_variance": 0.08209025859832764, "train/std": 1.0084887742996216, "train/n_updates": 20, "train/clip_range": 0.2, "time/iterations": 3, "rollout/ep_rew_mean": -79.86060985714286, "rollout/ep_len_mean": 36.0, "time/fps": 28, "time/time_elapsed": 53, "time/total_timesteps": 1536}
{"train/learning_rate": 0.001, "train/entropy_loss": -4.28248804807663, "train/policy_gradient_loss": -0.005217880825512111, "train/value_loss": 581.5076446533203, "train/approx_kl": 0.003156216349452734, "train/clip_fraction": 0.0146484375, "train/loss": 286.48797607421875, "train/explained_variance": 0.0031130313873291016, "train/std": 1.0091646909713745, "train/n_updates": 22, "train/clip_range": 0.2, "time/iterations": 4, "rollout/ep_rew_mean": -81.3321615652174, "rollout/ep_len_mean": 37.97826086956522, "time/fps": 29, "time/time_elapsed": 70, "time/total_timesteps": 2048}
{"train/learning_rate": 0.001, "train/entropy_loss": -4.282714396715164, "train/policy_gradient_loss": -0.0033836374059319496, "train/value_loss": 631.6067218780518, "train/approx_kl": 0.00261039100587368, "train/clip_fraction": 0.017578125, "train/loss": 383.5274963378906, "train/explained_variance": 0.01791602373123169, "train/std": 1.008036732673645, "train/n_updates": 24, "train/clip_range": 0.2, "time/iterations": 1, "rollout/ep_rew_mean": -73.58344711111111, "rollout/ep_len_mean": 32.111111111111114, "time/fps": 30, "time/time_elapsed": 16, "time/total_timesteps": 512}
{"train/learning_rate": 0.001, "train/entropy_loss": -4.279223531484604, "train/policy_gradient_loss": -0.008645590511150658, "train/value_loss": 331.2950954437256, "train/approx_kl": 0.0053483848460018635, "train/clip_fraction": 0.0224609375, "train/loss": 126.58206176757812, "train/explained_variance": -0.3086094856262207, "train/std": 1.007834553718567, "train/n_updates": 26, "train/clip_range": 0.2, "time/iterations": 2, "rollout/ep_rew_mean": -69.76324566666666, "rollout/ep_len_mean": 34.458333333333336, "time/fps": 26, "time/time_elapsed": 38, "time/total_timesteps": 1024}
{"train/learning_rate": 0.001, "train/entropy_loss": -4.281159520149231, "train/policy_gradient_loss": -0.005215000797761604, "train/value_loss": 402.3116264343262, "train/approx_kl": 0.003791437018662691, "train/clip_fraction": 0.0185546875,