{"time/iterations": 1, "rollout/ep_rew_mean": -4.202307, "rollout/ep_len_mean": 23.666666666666668, "time/fps": 24, "time/time_elapsed": 21, "time/total_timesteps": 512}
{"train/learning_rate": 0.001, "train/entropy_loss": -4.566394865512848, "train/policy_gradient_loss": -0.006442623329348862, "train/value_loss": 0.8668836839497089, "train/approx_kl": 0.004398285411298275, "train/clip_fraction": 0.025390625, "train/loss": 0.26026058197021484, "train/explained_variance": 0.6087003946304321, "train/std": 1.1120834350585938, "train/n_updates": 146, "train/clip_range": 0.2, "time/iterations": 2, "rollout/ep_rew_mean": 210.0851377, "rollout/ep_len_mean": 70.9, "time/fps": 24, "time/time_elapsed": 40, "time/total_timesteps": 1024}
{"train/learning_rate": 0.001, "train/entropy_loss": -4.579782694578171, "train/policy_gradient_loss": -0.006236452696612105, "train/value_loss": 1.0805472303181887, "train/approx_kl": 0.004488082602620125, "train/clip_fraction": 0.02734375, "train/loss": 0.11536023020744324, "train/explained_variance": 0.5426493883132935, "train/std": 1.115540862083435, "train/n_updates": 148, "train/clip_range": 0.2, "time/iterations": 3, "rollout/ep_rew_mean": 243.0418602, "rollout/ep_len_mean": 78.06666666666666, "time/fps": 25, "time/time_elapsed": 60, "time/total_timesteps": 1536}
{"train/learning_rate": 0.001, "train/entropy_loss": -4.588772624731064, "train/policy_gradient_loss": -0.005495613033417612, "train/value_loss": 1.6219017878174782, "train/approx_kl": 0.00716637447476387, "train/clip_fraction": 0.0546875, "train/loss": 0.3085714280605316, "train/explained_variance": 0.40077364444732666, "train/std": 1.1195660829544067, "train/n_updates": 150, "train/clip_range": 0.2, "time/iterations": 4, "rollout/ep_rew_mean": 274.1145635, "rollout/ep_len_mean": 83.95, "time/fps": 25, "time/time_elapsed": 81, "time/total_timesteps": 2048}
{"train/learning_rate": 0.001, "train/entropy_loss": -4.59702730178833, "train/policy_gradient_loss": -0.009314075810834765, "train/value_loss": 0.6215347545221448, "train/approx_kl": 0.011303834617137909, "train/clip_fraction": 0.0859375, "train/loss": 0.15358474850654602, "train/explained_variance": 0.6192188262939453, "train/std": 1.1213752031326294, "train/n_updates": 152, "train/clip_range": 0.2, "time/iterations": 1, "rollout/ep_rew_mean": -5.163432750000001, "rollout/ep_len_mean": 27.75, "time/fps": 22, "time/time_elapsed": 23, "time/total_timesteps": 512}
{"train/learning_rate": 0.001, "train/entropy_loss": -4.602734863758087, "train/policy_gradient_loss": -0.005752123426645994, "train/value_loss": 0.8509727716445923, "train/approx_kl": 0.007799133658409119, "train/clip_fraction": 0.0458984375, "train/loss": 0.24564991891384125, "train/explained_variance": 0.5393613576889038, "train/std": 1.123278021812439, "train/n_updates": 154, "train/clip_range": 0.2, "time/iterations": 2, "rollout/ep_rew_mean": 189.74664227272726, "rollout/ep_len_mean": 71.45454545454545, "time/fps": 22, "time/time_elapsed": 45, "time/total_timesteps": 1024}
{"train/learning_rate": 0.001, "train/entropy_loss": -4.60539573431015, "train/policy_gradient_loss": -0.013702755561098456, "train/value_loss": 1.732746496796608, "train/approx_kl": 0.01155020110309124, "train/clip_fraction": 0.0693359375, "train/loss": 0.4683484137058258, "train/explained_variance": 0.06150209903717041, "train/std": 1.12405526638031, "train/n_updates": 156, "train/clip_range": 0.2, "time/iterations": 3, "rollout/ep_rew_mean": 192.83824366666664, "rollout/ep_len_mean": 70.73333333333333, "time/fps": 23, "time/time_elapsed": 65, "time/total_timesteps": 1536}
{"train/learning_rate": 0.001, "train/entropy_loss": -4.605736672878265, "train/policy_gradient_loss": -0.00791791980736889, "train/value_loss": 0.47617218270897865, "train/approx_kl": 0.011823450215160847, "train/clip_fraction": 0.0869140625, "train/loss": 0.15204724669456482, "train/explained_variance": 0.7189779877662659, "train/std": 1.1234511137008667, "train/n_updates": 158, "train/clip_range": 0.2, "time/iterations": 4, "rollout/ep_rew_mean": 237.97040399999997, "rollout/ep_len_mean": 78.9090909090909, "time/fps": 23, "time/time_elapsed": 85, "time/total_timesteps": 2048}
{"train/learning_rate": 0.001, "train/entropy_loss": -4.610548496246338, "train/policy_gradient_loss": -0.009454186190851033, "train/value_loss": 0.8514164034277201, "train/approx_kl": 0.011907700449228287, "train/clip_fraction": 0.07421875, "train/loss": 0.15111973881721497, "train/explained_variance": 0.6961286664009094, "train/std": 1.128003478050232, "train/n_updates": 160, "train/clip_range": 0.2, "time/iterations": 1, "rollout/ep_rew_mean": 15.946831000000001, "rollout/ep_len_mean": 30.0, "time/fps": 23, "time/time_elapsed": 21, "time/total_timesteps": 512}
{"train/learning_rate": 0.001, "train/entropy_loss": -4.62291145324707, "train/policy_gradient_loss": -0.008949130802648142, "train/value_loss": 0.6767057664692402, "train/approx_kl": 0.008425842970609665, "train/clip_fraction": 0.0546875, "train/loss": 0.2475745677947998, "train/explained_variance": 0.6605020761489868, "train/std": 1.1318869590759277, "train/n_updates": 162, "train/clip_range": 0.2, "time/iterations": 2, "rollout/ep_rew_mean": 203.34859218181816, "rollout/ep_len_mean": 74.0909090909091, "time/fps": 21, "time/time_elapsed": 47, "time/total_timesteps": 1024}
{"train/learning_rate": 0.001, "train/entropy_loss": -4.631286710500717, "train/policy_gradient_loss": -0.007566345331724733, "train/value_loss": 2.0595188476145267, "train/approx_kl": 0.009064552374184132, "train/clip_fraction": 0.0634765625, "train/loss": 0.857818067073822, "train/explained_variance": 0.24814659357070923, "train/std": 1.1342670917510986, "train/n_updates": 164, "train/clip_range": 0.2, "time/iterations": 3, "rollout/ep_rew_mean": 192.09446306666666, "rollout/ep_len_mean": 71.66666666666667, "time/fps": 20, "time/time_elapsed": 75, "time/total_timesteps": 1536}
{"train/learning_rate": 0.001, "train/entropy_loss": -4.6340832114219666, "train/policy_gradient_loss": -0.01196218270342797, "train/value_loss": 0.6285857427865267, "train/approx_kl": 0.01327516045421362, "train/clip_fraction": 0.0927734375, "train/loss": 0.22757533192634583, "train/explained_variance": 0.48700660467147827, "train/std": 1.134729027748108, "train/n_updates": 166, "train/clip_range": 0.2, "time/iterations": 4, "rollout/ep_rew_mean": 243.24027725000002, "rollout/ep_len_mean": 81.3, "time/fps": 19, "time/time_elapsed": 103, "time/total_timesteps": 2048}
{"train/learning_rate": 0.001, "train/entropy_loss": -4.639490306377411, "train/policy_gradient_loss": -0.007768446812406182, "train/value_loss": 0.47311381297186017, "train/approx_kl": 0.014290262944996357, "train/clip_fraction": 0.1005859375, "train/loss": 0.17530633509159088, "train/explained_variance": 0.5306036472320557, "train/std": 1.1387642621994019, "train/n_updates": 168, "train/clip_range": 0.2, "time/iterations": 1, "rollout/ep_rew_mean": 12.6537, "rollout/ep_len_mean": 28.0, "time/fps": 22, "time/time_elapsed": 22, "time/total_timesteps": 512}
