{"time/iterations": 1, "rollout/ep_rew_mean": -53.2117313, "rollout/ep_len_mean": 24.6, "time/fps": 8, "time/time_elapsed": 59, "time/total_timesteps": 512}
{"train/learning_rate": 0.001, "train/entropy_loss": -4.255748093128204, "train/policy_gradient_loss": -0.007400192902423441, "train/value_loss": 7.934454500675201, "train/approx_kl": 0.02178773656487465, "train/clip_fraction": 0.2431640625, "train/loss": 4.20860481262207, "train/explained_variance": -0.0007302761077880859, "train/std": 1.0016883611679077, "train/n_updates": 2, "train/clip_range": 0.2, "time/iterations": 2, "rollout/ep_rew_mean": -53.2117313, "rollout/ep_len_mean": 24.6, "time/fps": 12, "time/time_elapsed": 78, "time/total_timesteps": 1024}
{"train/learning_rate": 0.001, "train/entropy_loss": -4.267812490463257, "train/policy_gradient_loss": -0.004625604138709605, "train/value_loss": 0.48692113533616066, "train/approx_kl": 0.011926522478461266, "train/clip_fraction": 0.1328125, "train/loss": -0.13667459785938263, "train/explained_variance": -0.9906747341156006, "train/std": 1.0064715147018433, "train/n_updates": 4, "train/clip_range": 0.2, "time/iterations": 3, "rollout/ep_rew_mean": -53.2117313, "rollout/ep_len_mean": 24.6, "time/fps": 16, "time/time_elapsed": 95, "time/total_timesteps": 1536}
{"train/learning_rate": 0.001, "train/entropy_loss": -4.279949396848679, "train/policy_gradient_loss": 0.00046509801177307963, "train/value_loss": 0.1763217579573393, "train/approx_kl": 0.00969357043504715, "train/clip_fraction": 0.12109375, "train/loss": -0.16769155859947205, "train/explained_variance": 0.03285670280456543, "train/std": 1.0089391469955444, "train/n_updates": 6, "train/clip_range": 0.2, "time/iterations": 4, "rollout/ep_rew_mean": 12.994549812500004, "rollout/ep_len_mean": 59.3125, "time/fps": 15, "time/time_elapsed": 131, "time/total_timesteps": 2048}
{"train/learning_rate": 0.001, "train/entropy_loss": -4.283093959093094, "train/policy_gradient_loss": -0.003401312686037272, "train/value_loss": 0.4482115535065532, "train/approx_kl": 0.009872786700725555, "train/clip_fraction": 0.091796875, "train/loss": -0.04062429070472717, "train/explained_variance": 0.6887587308883667, "train/std": 1.0086731910705566, "train/n_updates": 8, "train/clip_range": 0.2, "time/iterations": 1, "rollout/ep_rew_mean": -53.553559, "rollout/ep_len_mean": 21.0, "time/fps": 8, "time/time_elapsed": 57, "time/total_timesteps": 512}
{"train/learning_rate": 0.001, "train/entropy_loss": -4.286207526922226, "train/policy_gradient_loss": -0.005511966883204877, "train/value_loss": 0.17388257198035717, "train/approx_kl": 0.011717676185071468, "train/clip_fraction": 0.08984375, "train/loss": -0.18510881066322327, "train/explained_variance": 0.6358528137207031, "train/std": 1.0115164518356323, "train/n_updates": 10, "train/clip_range": 0.2, "time/iterations": 2, "rollout/ep_rew_mean": -50.5827835, "rollout/ep_len_mean": 24.0, "time/fps": 13, "time/time_elapsed": 78, "time/total_timesteps": 1024}
{"train/learning_rate": 0.001, "train/entropy_loss": -4.296303898096085, "train/policy_gradient_loss": -0.0035411929711699486, "train/value_loss": 0.17345806350931525, "train/approx_kl": 0.009171023033559322, "train/clip_fraction": 0.0693359375, "train/loss": -0.16110992431640625, "train/explained_variance": 0.6092793941497803, "train/std": 1.0162544250488281, "train/n_updates": 12, "train/clip_range": 0.2, "time/iterations": 3, "rollout/ep_rew_mean": -50.5827835, "rollout/ep_len_mean": 24.0, "time/fps": 16, "time/time_elapsed": 94, "time/total_timesteps": 1536}
{"train/learning_rate": 0.001, "train/entropy_loss": -4.313640296459198, "train/policy_gradient_loss": -0.011553454212844372, "train/value_loss": 0.07746926788240671, "train/approx_kl": 0.01721126399934292, "train/clip_fraction": 0.125, "train/loss": -0.19653955101966858, "train/explained_variance": -0.2733650207519531, "train/std": 1.0232495069503784, "train/n_updates": 14, "train/clip_range": 0.2, "time/iterations": 4, "rollout/ep_rew_mean": 38.725487650000005, "rollout/ep_len_mean": 71.15, "time/fps": 14, "time/time_elapsed": 143, "time/total_timesteps": 2048}
{"train/learning_rate": 0.001, "train/entropy_loss": -4.33521842956543, "train/policy_gradient_loss": -0.0052390951896086335, "train/value_loss": 0.49250996857881546, "train/approx_kl": 0.020124729722738266, "train/clip_fraction": 0.1416015625, "train/loss": -0.04728864133358002, "train/explained_variance": 0.802891194820404, "train/std": 1.0300856828689575, "train/n_updates": 16, "train/clip_range": 0.2, "time/iterations": 1, "rollout/ep_rew_mean": -53.70737988888888, "rollout/ep_len_mean": 19.77777777777778, "time/fps": 7, "time/time_elapsed": 72, "time/total_timesteps": 512}
{"train/learning_rate": 0.001, "train/entropy_loss": -4.353174149990082, "train/policy_gradient_loss": -0.011144145973958075, "train/value_loss": 0.29860807210206985, "train/approx_kl": 0.009677784517407417, "train/clip_fraction": 0.07421875, "train/loss": -0.15122050046920776, "train/explained_variance": 0.7748895287513733, "train/std": 1.0359796285629272, "train/n_updates": 18, "train/clip_range": 0.2, "time/iterations": 2, "rollout/ep_rew_mean": -52.925148416666666, "rollout/ep_len_mean": 21.416666666666668, "time/fps": 9, "time/time_elapsed": 111, "time/total_timesteps": 1024}
{"train/learning_rate": 0.001, "train/entropy_loss": -4.368697136640549, "train/policy_gradient_loss": -0.009334495291113853, "train/value_loss": 0.16317014209926128, "train/approx_kl": 0.012704734690487385, "train/clip_fraction": 0.0859375, "train/loss": -0.20864194631576538, "train/explained_variance": 0.7935080528259277, "train/std": 1.0395253896713257, "train/n_updates": 20, "train/clip_range": 0.2, "time/iterations": 3, "rollout/ep_rew_mean": -52.925148416666666, "rollout/ep_len_mean": 21.416666666666668, "time/fps": 11, "time/time_elapsed": 133, "time/total_timesteps": 1536}
{"train/learning_rate": 0.001, "train/entropy_loss": -4.377899408340454, "train/policy_gradient_loss": -0.010500644450075924, "train/value_loss": 0.05620675557292998, "train/approx_kl": 0.02208714187145233, "train/clip_fraction": 0.1494140625, "train/loss": -0.23156318068504333, "train/explained_variance": -0.3545212745666504, "train/std": 1.0438261032104492, "train/n_updates": 22, "train/clip_range": 0.2, "time/iterations": 4, "rollout/ep_rew_mean": 43.14981668421052, "rollout/ep_len_mean": 72.73684210526316, "time/fps": 12, "time/time_elapsed": 169, "time/total_timesteps": 2048}
{"train/learning_rate": 0.001, "train/entropy_loss": -4.390846252441406, "train/policy_gradient_loss": 0.00018520693993195891, "train/value_loss": 0.5141841769218445, "train/approx_kl": 0.008373514749109745, "train/clip_fraction": 0.0654296875, "train/loss": -0.03052566945552826, "train/explained_variance": 0.6576433181762695, "train/std": 1.0469022989273071, "train/n_updates": 24, "train/clip_range": 0.2, "time/iterations": 1, "rollout/ep_rew_mean": -56.10333142857144, "rollout/ep_len_mean": 20.285714285714285, "time/fps": 9, "time/time_elapsed": 54, "time/total_timesteps": 512}
{"train/learning_rate": 0.001, "train/entropy_loss": -4.396991342306137, "train/policy_gradient_loss": -0.008063942426815629, "train/value_loss": 0.28064507618546486, "train/approx_kl": 0.010620529763400555, "train/clip_fraction": 0.0791015625, "train/loss": -0.06169861555099487, "train/explained_variance": 0.4972471594810486, "train/std": 1.048993706703186, "train/n_updates": 26, "train/clip_range": 0.2, "time/iterations": 2, "rollout/ep_rew_mean": -56.10333142857144, "rollout/ep_len_mean": 20.285714285714285, "time/fps": 14, "time/time_elapsed": 71, "time/total_timesteps": 1024}
{"train/learning_rate": 0.001, "train/entropy_loss": -4.400479406118393, "train/policy_gradient_loss": -0.007580204110126942, "train/value_loss": 0.07737017935141921, "train/approx_kl": 0.01155353058129549, "train/clip_fraction": 0.107421875, "train/loss": -0.23432451486587524, "train/explained_variance": -0.364032506942749,